{
"lengthUnit": "mil",
"remark": [],
"components": {
	"fields": ["COMPONENT_NO", "COMPONENT_NAME", "LAYER", "X_COORDINATE", "Y_COORDINATE", "ANGLE"],
	"rows": [
		[1, "BLUETOOTH1", "T", -405, -1410, 270],
		[2, "POWER1", "T", -385, 1450, 270],
		[3, "POWER2", "T", -385, 750, 270],
		[4, "SCREW1", "T", 125.9843, 1527.5591, 0],
		[5, "SCREW2", "T", 125.9843, -1527.5591, 0],
		[6, "SCREW3", "T", 5263.7795, 1527.5591, 0],
		[7, "SCREW4", "T", 5263.7795, -1527.5591, 0],
		[8, "UART1", "T", -400, -420, 270],
		[9, "PAD1", "T", -405, -1660, 0],
		[10, "PAD1", "B", -405, -1660, 0],
		[11, "PAD2", "T", -405, -1560, 0],
		[12, "PAD2", "B", -405, -1560, 0],
		[13, "PAD3", "T", -405, -1460, 0],
		[14, "PAD3", "B", -405, -1460, 0],
		[15, "PAD4", "T", -405, -1360, 0],
		[16, "PAD4", "B", -405, -1360, 0],
		[17, "PAD5", "T", -405, -1260, 0],
		[18, "PAD5", "B", -405, -1260, 0],
		[19, "PAD6", "T", -405, -1160, 0],
		[20, "PAD6", "B", -405, -1160, 0],
		[21, "PAD7", "T", -400, -270, 0],
		[22, "PAD7", "B", -400, -270, 0],
		[23, "PAD8", "T", -400, -370, 0],
		[24, "PAD8", "B", -400, -370, 0],
		[25, "PAD9", "T", -400, -470, 0],
		[26, "PAD9", "B", -400, -470, 0],
		[27, "PAD10", "T", -400, -570, 0],
		[28, "PAD10", "B", -400, -570, 0],
		[29, "PAD11", "T", -435, 950, 0],
		[30, "PAD11", "B", -435, 950, 0],
		[31, "PAD12", "T", -335, 950, 0],
		[32, "PAD12", "B", -335, 950, 0],
		[33, "PAD13", "T", -435, 850, 0],
		[34, "PAD13", "B", -435, 850, 0],
		[35, "PAD14", "T", -335, 850, 0],
		[36, "PAD14", "B", -335, 850, 0],
		[37, "PAD15", "T", -435, 750, 0],
		[38, "PAD15", "B", -435, 750, 0],
		[39, "PAD16", "T", -335, 750, 0],
		[40, "PAD16", "B", -335, 750, 0],
		[41, "PAD17", "T", -435, 650, 0],
		[42, "PAD17", "B", -435, 650, 0],
		[43, "PAD18", "T", -335, 650, 0],
		[44, "PAD18", "B", -335, 650, 0],
		[45, "PAD19", "T", -435, 550, 0],
		[46, "PAD19", "B", -435, 550, 0],
		[47, "PAD20", "T", -335, 550, 0],
		[48, "PAD20", "B", -335, 550, 0],
		[49, "PAD21", "T", -435, 1650, 0],
		[50, "PAD21", "B", -435, 1650, 0],
		[51, "PAD22", "T", -335, 1650, 0],
		[52, "PAD22", "B", -335, 1650, 0],
		[53, "PAD23", "T", -435, 1550, 0],
		[54, "PAD23", "B", -435, 1550, 0],
		[55, "PAD24", "T", -335, 1550, 0],
		[56, "PAD24", "B", -335, 1550, 0],
		[57, "PAD25", "T", -435, 1450, 0],
		[58, "PAD25", "B", -435, 1450, 0],
		[59, "PAD26", "T", -335, 1450, 0],
		[60, "PAD26", "B", -335, 1450, 0],
		[61, "PAD27", "T", -435, 1350, 0],
		[62, "PAD27", "B", -435, 1350, 0],
		[63, "PAD28", "T", -335, 1350, 0],
		[64, "PAD28", "B", -335, 1350, 0],
		[65, "PAD29", "T", -435, 1250, 0],
		[66, "PAD29", "B", -435, 1250, 0],
		[67, "PAD30", "T", -335, 1250, 0],
		[68, "PAD30", "B", -335, 1250, 0]
	]
},
"pins": {
	"fields": ["PIN_NO", "PIN_NAME", "PIN_X", "PIN_Y", "LAYER", "PIN_TYPE", "NET_NAME", "NET_TYPE", "PAD_SHAPE", "PAD_SIZEX", "PAD_SIZEY", "HOLE_SIZE", "HOLE_LEN", "PAD_ANGLE"],
	"rows": [
		[1, "BLUETOOTH1_1", -405, -1160, "T", "DIP", "EN", "", "R", 70.866, 70.866, 47.244, 47.244, 270],
		[2, "BLUETOOTH1_1", -405, -1160, "B", "DIP", "EN", "", "R", 70.866, 70.866, 47.244, 47.244, 270],
		[3, "BLUETOOTH1_2", -405, -1260, "T", "DIP", "5V", "", "C", 70.866, 70.866, 47.244, 47.244, 270],
		[4, "BLUETOOTH1_2", -405, -1260, "B", "DIP", "5V", "", "C", 70.866, 70.866, 47.244, 47.244, 270],
		[5, "BLUETOOTH1_3", -405, -1360, "T", "DIP", "GND", "GND", "C", 70.866, 70.866, 47.244, 47.244, 270],
		[6, "BLUETOOTH1_3", -405, -1360, "B", "DIP", "GND", "GND", "C", 70.866, 70.866, 47.244, 47.244, 270],
		[7, "BLUETOOTH1_4", -405, -1460, "T", "DIP", "$1N149", "", "C", 70.866, 70.866, 47.244, 47.244, 270],
		[8, "BLUETOOTH1_4", -405, -1460, "B", "DIP", "$1N149", "", "C", 70.866, 70.866, 47.244, 47.244, 270],
		[9, "BLUETOOTH1_5", -405, -1560, "T", "DIP", "$1N236", "", "C", 70.866, 70.866, 47.244, 47.244, 270],
		[10, "BLUETOOTH1_5", -405, -1560, "B", "DIP", "$1N236", "", "C", 70.866, 70.866, 47.244, 47.244, 270],
		[11, "BLUETOOTH1_6", -405, -1660, "T", "DIP", "STAGE", "", "C", 70.866, 70.866, 47.244, 47.244, 270],
		[12, "BLUETOOTH1_6", -405, -1660, "B", "DIP", "STAGE", "", "C", 70.866, 70.866, 47.244, 47.244, 270],
		[13, "POWER1_1", -435, 1650, "T", "DIP", "5V", "", "R", 66.929, 66.929, 43.308, 43.308, 270],
		[14, "POWER1_1", -435, 1650, "B", "DIP", "5V", "", "R", 66.929, 66.929, 43.308, 43.308, 270],
		[15, "POWER1_2", -335, 1650, "T", "DIP", "GND", "GND", "C", 66.929, 66.929, 43.308, 43.308, 270],
		[16, "POWER1_2", -335, 1650, "B", "DIP", "GND", "GND", "C", 66.929, 66.929, 43.308, 43.308, 270],
		[17, "POWER1_3", -435, 1550, "T", "DIP", "5V", "", "C", 66.929, 66.929, 43.308, 43.308, 270],
		[18, "POWER1_3", -435, 1550, "B", "DIP", "5V", "", "C", 66.929, 66.929, 43.308, 43.308, 270],
		[19, "POWER1_4", -335, 1550, "T", "DIP", "GND", "GND", "C", 66.929, 66.929, 43.308, 43.308, 270],
		[20, "POWER1_4", -335, 1550, "B", "DIP", "GND", "GND", "C", 66.929, 66.929, 43.308, 43.308, 270],
		[21, "POWER1_5", -435, 1450, "T", "DIP", "5V", "", "C", 66.929, 66.929, 43.308, 43.308, 270],
		[22, "POWER1_5", -435, 1450, "B", "DIP", "5V", "", "C", 66.929, 66.929, 43.308, 43.308, 270],
		[23, "POWER1_6", -335, 1450, "T", "DIP", "GND", "GND", "C", 66.929, 66.929, 43.308, 43.308, 270],
		[24, "POWER1_6", -335, 1450, "B", "DIP", "GND", "GND", "C", 66.929, 66.929, 43.308, 43.308, 270],
		[25, "POWER1_7", -435, 1350, "T", "DIP", "5V", "", "C", 66.929, 66.929, 43.308, 43.308, 270],
		[26, "POWER1_7", -435, 1350, "B", "DIP", "5V", "", "C", 66.929, 66.929, 43.308, 43.308, 270],
		[27, "POWER1_8", -335, 1350, "T", "DIP", "GND", "GND", "C", 66.929, 66.929, 43.308, 43.308, 270],
		[28, "POWER1_8", -335, 1350, "B", "DIP", "GND", "GND", "C", 66.929, 66.929, 43.308, 43.308, 270],
		[29, "POWER1_9", -435, 1250, "T", "DIP", "5V", "", "C", 66.929, 66.929, 43.308, 43.308, 270],
		[30, "POWER1_9", -435, 1250, "B", "DIP", "5V", "", "C", 66.929, 66.929, 43.308, 43.308, 270],
		[31, "POWER1_10", -335, 1250, "T", "DIP", "GND", "GND", "C", 66.929, 66.929, 43.308, 43.308, 270],
		[32, "POWER1_10", -335, 1250, "B", "DIP", "GND", "GND", "C", 66.929, 66.929, 43.308, 43.308, 270],
		[33, "POWER2_1", -435, 950, "T", "DIP", "3V3", "", "R", 66.929, 66.929, 43.308, 43.308, 270],
		[34, "POWER2_1", -435, 950, "B", "DIP", "3V3", "", "R", 66.929, 66.929, 43.308, 43.308, 270],
		[35, "POWER2_2", -335, 950, "T", "DIP", "GND", "GND", "C", 66.929, 66.929, 43.308, 43.308, 270],
		[36, "POWER2_2", -335, 950, "B", "DIP", "GND", "GND", "C", 66.929, 66.929, 43.308, 43.308, 270],
		[37, "POWER2_3", -435, 850, "T", "DIP", "3V3", "", "C", 66.929, 66.929, 43.308, 43.308, 270],
		[38, "POWER2_3", -435, 850, "B", "DIP", "3V3", "", "C", 66.929, 66.929, 43.308, 43.308, 270],
		[39, "POWER2_4", -335, 850, "T", "DIP", "GND", "GND", "C", 66.929, 66.929, 43.308, 43.308, 270],
		[40, "POWER2_4", -335, 850, "B", "DIP", "GND", "GND", "C", 66.929, 66.929, 43.308, 43.308, 270],
		[41, "POWER2_5", -435, 750, "T", "DIP", "3V3", "", "C", 66.929, 66.929, 43.308, 43.308, 270],
		[42, "POWER2_5", -435, 750, "B", "DIP", "3V3", "", "C", 66.929, 66.929, 43.308, 43.308, 270],
		[43, "POWER2_6", -335, 750, "T", "DIP", "GND", "GND", "C", 66.929, 66.929, 43.308, 43.308, 270],
		[44, "POWER2_6", -335, 750, "B", "DIP", "GND", "GND", "C", 66.929, 66.929, 43.308, 43.308, 270],
		[45, "POWER2_7", -435, 650, "T", "DIP", "3V3", "", "C", 66.929, 66.929, 43.308, 43.308, 270],
		[46, "POWER2_7", -435, 650, "B", "DIP", "3V3", "", "C", 66.929, 66.929, 43.308, 43.308, 270],
		[47, "POWER2_8", -335, 650, "T", "DIP", "GND", "GND", "C", 66.929, 66.929, 43.308, 43.308, 270],
		[48, "POWER2_8", -335, 650, "B", "DIP", "GND", "GND", "C", 66.929, 66.929, 43.308, 43.308, 270],
		[49, "POWER2_9", -435, 550, "T", "DIP", "3V3", "", "C", 66.929, 66.929, 43.308, 43.308, 270],
		[50, "POWER2_9", -435, 550, "B", "DIP", "3V3", "", "C", 66.929, 66.929, 43.308, 43.308, 270],
		[51, "POWER2_10", -335, 550, "T", "DIP", "GND", "GND", "C", 66.929, 66.929, 43.308, 43.308, 270],
		[52, "POWER2_10", -335, 550, "B", "DIP", "GND", "GND", "C", 66.929, 66.929, 43.308, 43.308, 270],
		[53, "SCREW1_1", 125.9843, 1527.5591, "T", "DIP", "NET_1", "", "C", 126, 126, 126, 126, 0],
		[54, "SCREW1_1", 125.9843, 1527.5591, "B", "DIP", "NET_1", "", "C", 126, 126, 126, 126, 0],
		[55, "SCREW2_1", 125.9843, -1527.5591, "T", "DIP", "NET_2", "", "C", 126, 126, 126, 126, 0],
		[56, "SCREW2_1", 125.9843, -1527.5591, "B", "DIP", "NET_2", "", "C", 126, 126, 126, 126, 0],
		[57, "SCREW3_1", 5263.7795, 1527.5591, "T", "DIP", "NET_3", "", "C", 126, 126, 126, 126, 0],
		[58, "SCREW3_1", 5263.7795, 1527.5591, "B", "DIP", "NET_3", "", "C", 126, 126, 126, 126, 0],
		[59, "SCREW4_1", 5263.7795, -1527.5591, "T", "DIP", "NET_4", "", "C", 126, 126, 126, 126, 0],
		[60, "SCREW4_1", 5263.7795, -1527.5591, "B", "DIP", "NET_4", "", "C", 126, 126, 126, 126, 0],
		[61, "UART1_1", -400, -270, "T", "DIP", "GND", "GND", "R", 66.929, 66.929, 43.308, 43.308, 270],
		[62, "UART1_1", -400, -270, "B", "DIP", "GND", "GND", "R", 66.929, 66.929, 43.308, 43.308, 270],
		[63, "UART1_2", -400, -370, "T", "DIP", "$1N149", "", "C", 66.929, 66.929, 43.308, 43.308, 270],
		[64, "UART1_2", -400, -370, "B", "DIP", "$1N149", "", "C", 66.929, 66.929, 43.308, 43.308, 270],
		[65, "UART1_3", -400, -470, "T", "DIP", "$1N236", "", "C", 66.929, 66.929, 43.308, 43.308, 270],
		[66, "UART1_3", -400, -470, "B", "DIP", "$1N236", "", "C", 66.929, 66.929, 43.308, 43.308, 270],
		[67, "UART1_4", -400, -570, "T", "DIP", "5V", "", "C", 66.929, 66.929, 43.308, 43.308, 270],
		[68, "UART1_4", -400, -570, "B", "DIP", "5V", "", "C", 66.929, 66.929, 43.308, 43.308, 270],
		[69, "PAD1_6", -405, -1660, "T", "DIP", "STAGE", "", "C", 70.866, 70.866, 47.244, 47.244, 270],
		[70, "PAD1_6", -405, -1660, "B", "DIP", "STAGE", "", "C", 70.866, 70.866, 47.244, 47.244, 270],
		[71, "PAD2_5", -405, -1560, "T", "DIP", "$1N236", "", "C", 70.866, 70.866, 47.244, 47.244, 270],
		[72, "PAD2_5", -405, -1560, "B", "DIP", "$1N236", "", "C", 70.866, 70.866, 47.244, 47.244, 270],
		[73, "PAD3_4", -405, -1460, "T", "DIP", "$1N149", "", "C", 70.866, 70.866, 47.244, 47.244, 270],
		[74, "PAD3_4", -405, -1460, "B", "DIP", "$1N149", "", "C", 70.866, 70.866, 47.244, 47.244, 270],
		[75, "PAD4_3", -405, -1360, "T", "DIP", "GND", "GND", "C", 70.866, 70.866, 47.244, 47.244, 270],
		[76, "PAD4_3", -405, -1360, "B", "DIP", "GND", "GND", "C", 70.866, 70.866, 47.244, 47.244, 270],
		[77, "PAD5_2", -405, -1260, "T", "DIP", "5V", "", "C", 70.866, 70.866, 47.244, 47.244, 270],
		[78, "PAD5_2", -405, -1260, "B", "DIP", "5V", "", "C", 70.866, 70.866, 47.244, 47.244, 270],
		[79, "PAD6_1", -405, -1160, "T", "DIP", "EN", "", "R", 70.866, 70.866, 47.244, 47.244, 270],
		[80, "PAD6_1", -405, -1160, "B", "DIP", "EN", "", "R", 70.866, 70.866, 47.244, 47.244, 270],
		[81, "PAD7_1", -400, -270, "T", "DIP", "GND", "GND", "R", 66.929, 66.929, 43.308, 43.308, 270],
		[82, "PAD7_1", -400, -270, "B", "DIP", "GND", "GND", "R", 66.929, 66.929, 43.308, 43.308, 270],
		[83, "PAD8_2", -400, -370, "T", "DIP", "$1N149", "", "C", 66.929, 66.929, 43.308, 43.308, 270],
		[84, "PAD8_2", -400, -370, "B", "DIP", "$1N149", "", "C", 66.929, 66.929, 43.308, 43.308, 270],
		[85, "PAD9_3", -400, -470, "T", "DIP", "$1N236", "", "C", 66.929, 66.929, 43.308, 43.308, 270],
		[86, "PAD9_3", -400, -470, "B", "DIP", "$1N236", "", "C", 66.929, 66.929, 43.308, 43.308, 270],
		[87, "PAD10_4", -400, -570, "T", "DIP", "5V", "", "C", 66.929, 66.929, 43.308, 43.308, 270],
		[88, "PAD10_4", -400, -570, "B", "DIP", "5V", "", "C", 66.929, 66.929, 43.308, 43.308, 270],
		[89, "PAD11_1", -435, 950, "T", "DIP", "3V3", "", "R", 66.929, 66.929, 43.308, 43.308, 270],
		[90, "PAD11_1", -435, 950, "B", "DIP", "3V3", "", "R", 66.929, 66.929, 43.308, 43.308, 270],
		[91, "PAD12_2", -335, 950, "T", "DIP", "GND", "GND", "C", 66.929, 66.929, 43.308, 43.308, 270],
		[92, "PAD12_2", -335, 950, "B", "DIP", "GND", "GND", "C", 66.929, 66.929, 43.308, 43.308, 270],
		[93, "PAD13_3", -435, 850, "T", "DIP", "3V3", "", "C", 66.929, 66.929, 43.308, 43.308, 270],
		[94, "PAD13_3", -435, 850, "B", "DIP", "3V3", "", "C", 66.929, 66.929, 43.308, 43.308, 270],
		[95, "PAD14_4", -335, 850, "T", "DIP", "GND", "GND", "C", 66.929, 66.929, 43.308, 43.308, 270],
		[96, "PAD14_4", -335, 850, "B", "DIP", "GND", "GND", "C", 66.929, 66.929, 43.308, 43.308, 270],
		[97, "PAD15_5", -435, 750, "T", "DIP", "3V3", "", "C", 66.929, 66.929, 43.308, 43.308, 270],
		[98, "PAD15_5", -435, 750, "B", "DIP", "3V3", "", "C", 66.929, 66.929, 43.308, 43.308, 270],
		[99, "PAD16_6", -335, 750, "T", "DIP", "GND", "GND", "C", 66.929, 66.929, 43.308, 43.308, 270],
		[100, "PAD16_6", -335, 750, "B", "DIP", "GND", "GND", "C", 66.929, 66.929, 43.308, 43.308, 270],
		[101, "PAD17_7", -435, 650, "T", "DIP", "3V3", "", "C", 66.929, 66.929, 43.308, 43.308, 270],
		[102, "PAD17_7", -435, 650, "B", "DIP", "3V3", "", "C", 66.929, 66.929, 43.308, 43.308, 270],
		[103, "PAD18_8", -335, 650, "T", "DIP", "GND", "GND", "C", 66.929, 66.929, 43.308, 43.308, 270],
		[104, "PAD18_8", -335, 650, "B", "DIP", "GND", "GND", "C", 66.929, 66.929, 43.308, 43.308, 270],
		[105, "PAD19_9", -435, 550, "T", "DIP", "3V3", "", "C", 66.929, 66.929, 43.308, 43.308, 270],
		[106, "PAD19_9", -435, 550, "B", "DIP", "3V3", "", "C", 66.929, 66.929, 43.308, 43.308, 270],
		[107, "PAD20_10", -335, 550, "T", "DIP", "GND", "GND", "C", 66.929, 66.929, 43.308, 43.308, 270],
		[108, "PAD20_10", -335, 550, "B", "DIP", "GND", "GND", "C", 66.929, 66.929, 43.308, 43.308, 270],
		[109, "PAD21_1", -435, 1650, "T", "DIP", "5V", "", "R", 66.929, 66.929, 43.308, 43.308, 270],
		[110, "PAD21_1", -435, 1650, "B", "DIP", "5V", "", "R", 66.929, 66.929, 43.308, 43.308, 270],
		[111, "PAD22_2", -335, 1650, "T", "DIP", "GND", "GND", "C", 66.929, 66.929, 43.308, 43.308, 270],
		[112, "PAD22_2", -335, 1650, "B", "DIP", "GND", "GND", "C", 66.929, 66.929, 43.308, 43.308, 270],
		[113, "PAD23_3", -435, 1550, "T", "DIP", "5V", "", "C", 66.929, 66.929, 43.308, 43.308, 270],
		[114, "PAD23_3", -435, 1550, "B", "DIP", "5V", "", "C", 66.929, 66.929, 43.308, 43.308, 270],
		[115, "PAD24_4", -335, 1550, "T", "DIP", "GND", "GND", "C", 66.929, 66.929, 43.308, 43.308, 270],
		[116, "PAD24_4", -335, 1550, "B", "DIP", "GND", "GND", "C", 66.929, 66.929, 43.308, 43.308, 270],
		[117, "PAD25_5", -435, 1450, "T", "DIP", "5V", "", "C", 66.929, 66.929, 43.308, 43.308, 270],
		[118, "PAD25_5", -435, 1450, "B", "DIP", "5V", "", "C", 66.929, 66.929, 43.308, 43.308, 270],
		[119, "PAD26_6", -335, 1450, "T", "DIP", "GND", "GND", "C", 66.929, 66.929, 43.308, 43.308, 270],
		[120, "PAD26_6", -335, 1450, "B", "DIP", "GND", "GND", "C", 66.929, 66.929, 43.308, 43.308, 270],
		[121, "PAD27_7", -435, 1350, "T", "DIP", "5V", "", "C", 66.929, 66.929, 43.308, 43.308, 270],
		[122, "PAD27_7", -435, 1350, "B", "DIP", "5V", "", "C", 66.929, 66.929, 43.308, 43.308, 270],
		[123, "PAD28_8", -335, 1350, "T", "DIP", "GND", "GND", "C", 66.929, 66.929, 43.308, 43.308, 270],
		[124, "PAD28_8", -335, 1350, "B", "DIP", "GND", "GND", "C", 66.929, 66.929, 43.308, 43.308, 270],
		[125, "PAD29_9", -435, 1250, "T", "DIP", "5V", "", "C", 66.929, 66.929, 43.308, 43.308, 270],
		[126, "PAD29_9", -435, 1250, "B", "DIP", "5V", "", "C", 66.929, 66.929, 43.308, 43.308, 270],
		[127, "PAD30_10", -335, 1250, "T", "DIP", "GND", "GND", "C", 66.929, 66.929, 43.308, 43.308, 270],
		[128, "PAD30_10", -335, 1250, "B", "DIP", "GND", "GND", "C", 66.929, 66.929, 43.308, 43.308, 270]
	]
}
}