{
"lengthUnit": "mil",
"remark": [],
"components": {
	"fields": ["COMPONENT_NO", "COMPONENT_NAME", "LAYER", "X_COORDINATE", "Y_COORDINATE", "ANGLE"],
	"rows": [
		[1, "BLUETOOTH1", "T", 1745.3745, 839.6265, 270],
		[2, "BUZZ1", "T", 1010, -900, 0],
		[3, "DHT1", "T", 1095, 1655, 180],
		[4, "H1", "T", 1691.596, -700, 90],
		[5, "H2", "T", 1691.596, 0, 90],
		[6, "U1", "T", 578.3031, 370, 270],
		[7, "U2", "T", -320, 370, 270],
		[8, "PAD1", "T", 578.3031, -780, 0],
		[9, "PAD1", "B", 578.3031, -780, 0],
		[10, "PAD2", "T", 578.3031, -680, 0],
		[11, "PAD2", "B", 578.3031, -680, 0],
		[12, "PAD3", "T", 578.3031, -580, 0],
		[13, "PAD3", "B", 578.3031, -580, 0],
		[14, "PAD4", "T", 578.3031, -480, 0],
		[15, "PAD4", "B", 578.3031, -480, 0],
		[16, "PAD5", "T", 578.3031, -380, 0],
		[17, "PAD5", "B", 578.3031, -380, 0],
		[18, "PAD6", "T", 578.3031, -280, 0],
		[19, "PAD6", "B", 578.3031, -280, 0],
		[20, "PAD7", "T", 578.3031, -180, 0],
		[21, "PAD7", "B", 578.3031, -180, 0],
		[22, "PAD8", "T", 578.3031, -80, 0],
		[23, "PAD8", "B", 578.3031, -80, 0],
		[24, "PAD9", "T", 578.3031, 20, 0],
		[25, "PAD9", "B", 578.3031, 20, 0],
		[26, "PAD10", "T", 578.3031, 120, 0],
		[27, "PAD10", "B", 578.3031, 120, 0],
		[28, "PAD11", "T", 578.3031, 220, 0],
		[29, "PAD11", "B", 578.3031, 220, 0],
		[30, "PAD12", "T", 578.3031, 320, 0],
		[31, "PAD12", "B", 578.3031, 320, 0],
		[32, "PAD13", "T", 578.3031, 420, 0],
		[33, "PAD13", "B", 578.3031, 420, 0],
		[34, "PAD14", "T", 578.3031, 520, 0],
		[35, "PAD14", "B", 578.3031, 520, 0],
		[36, "PAD15", "T", 578.3031, 620, 0],
		[37, "PAD15", "B", 578.3031, 620, 0],
		[38, "PAD16", "T", 578.3031, 720, 0],
		[39, "PAD16", "B", 578.3031, 720, 0],
		[40, "PAD17", "T", 578.3031, 820, 0],
		[41, "PAD17", "B", 578.3031, 820, 0],
		[42, "PAD18", "T", 578.3031, 920, 0],
		[43, "PAD18", "B", 578.3031, 920, 0],
		[44, "PAD19", "T", 578.3031, 1020, 0],
		[45, "PAD19", "B", 578.3031, 1020, 0],
		[46, "PAD20", "T", 578.3031, 1120, 0],
		[47, "PAD20", "B", 578.3031, 1120, 0],
		[48, "PAD21", "T", 578.3031, 1220, 0],
		[49, "PAD21", "B", 578.3031, 1220, 0],
		[50, "PAD22", "T", 578.3031, 1320, 0],
		[51, "PAD22", "B", 578.3031, 1320, 0],
		[52, "PAD23", "T", 578.3031, 1420, 0],
		[53, "PAD23", "B", 578.3031, 1420, 0],
		[54, "PAD24", "T", 578.3031, 1520, 0],
		[55, "PAD24", "B", 578.3031, 1520, 0],
		[56, "PAD25", "T", 1745.3745, 589.6265, 0],
		[57, "PAD25", "B", 1745.3745, 589.6265, 0],
		[58, "PAD26", "T", 1745.3745, 689.6265, 0],
		[59, "PAD26", "B", 1745.3745, 689.6265, 0],
		[60, "PAD27", "T", 1745.3745, 789.6265, 0],
		[61, "PAD27", "B", 1745.3745, 789.6265, 0],
		[62, "PAD28", "T", 1745.3745, 889.6265, 0],
		[63, "PAD28", "B", 1745.3745, 889.6265, 0],
		[64, "PAD29", "T", 1745.3745, 989.6265, 0],
		[65, "PAD29", "B", 1745.3745, 989.6265, 0],
		[66, "PAD30", "T", 1745.3745, 1089.6265, 0],
		[67, "PAD30", "B", 1745.3745, 1089.6265, 0],
		[68, "PAD31", "T", 910, -900, 0],
		[69, "PAD31", "B", 910, -900, 0],
		[70, "PAD32", "T", 1010, -900, 0],
		[71, "PAD32", "B", 1010, -900, 0],
		[72, "PAD33", "T", 1110, -900, 0],
		[73, "PAD33", "B", 1110, -900, 0],
		[74, "PAD34", "T", 1741.596, -900, 0],
		[75, "PAD34", "B", 1741.596, -900, 0],
		[76, "PAD35", "T", 1641.596, -900, 0],
		[77, "PAD35", "B", 1641.596, -900, 0],
		[78, "PAD36", "T", 1741.596, -800, 0],
		[79, "PAD36", "B", 1741.596, -800, 0],
		[80, "PAD37", "T", 1641.596, -800, 0],
		[81, "PAD37", "B", 1641.596, -800, 0],
		[82, "PAD38", "T", 1741.596, -700, 0],
		[83, "PAD38", "B", 1741.596, -700, 0],
		[84, "PAD39", "T", 1641.596, -700, 0],
		[85, "PAD39", "B", 1641.596, -700, 0],
		[86, "PAD40", "T", 1741.596, -600, 0],
		[87, "PAD40", "B", 1741.596, -600, 0],
		[88, "PAD41", "T", 1641.596, -600, 0],
		[89, "PAD41", "B", 1641.596, -600, 0],
		[90, "PAD42", "T", 1741.596, -500, 0],
		[91, "PAD42", "B", 1741.596, -500, 0],
		[92, "PAD43", "T", 1641.596, -500, 0],
		[93, "PAD43", "B", 1641.596, -500, 0],
		[94, "PAD44", "T", -320, -780, 0],
		[95, "PAD44", "B", -320, -780, 0],
		[96, "PAD45", "T", -320, -680, 0],
		[97, "PAD45", "B", -320, -680, 0],
		[98, "PAD46", "T", -320, -580, 0],
		[99, "PAD46", "B", -320, -580, 0],
		[100, "PAD47", "T", -320, -480, 0],
		[101, "PAD47", "B", -320, -480, 0],
		[102, "PAD48", "T", -320, -380, 0],
		[103, "PAD48", "B", -320, -380, 0],
		[104, "PAD49", "T", -320, -280, 0],
		[105, "PAD49", "B", -320, -280, 0],
		[106, "PAD50", "T", -320, -180, 0],
		[107, "PAD50", "B", -320, -180, 0],
		[108, "PAD51", "T", -320, -80, 0],
		[109, "PAD51", "B", -320, -80, 0],
		[110, "PAD52", "T", -320, 20, 0],
		[111, "PAD52", "B", -320, 20, 0],
		[112, "PAD53", "T", -320, 120, 0],
		[113, "PAD53", "B", -320, 120, 0],
		[114, "PAD54", "T", -320, 220, 0],
		[115, "PAD54", "B", -320, 220, 0],
		[116, "PAD55", "T", -320, 320, 0],
		[117, "PAD55", "B", -320, 320, 0],
		[118, "PAD56", "T", -320, 420, 0],
		[119, "PAD56", "B", -320, 420, 0],
		[120, "PAD57", "T", -320, 520, 0],
		[121, "PAD57", "B", -320, 520, 0],
		[122, "PAD58", "T", -320, 620, 0],
		[123, "PAD58", "B", -320, 620, 0],
		[124, "PAD59", "T", -320, 720, 0],
		[125, "PAD59", "B", -320, 720, 0],
		[126, "PAD60", "T", -320, 820, 0],
		[127, "PAD60", "B", -320, 820, 0],
		[128, "PAD61", "T", -320, 920, 0],
		[129, "PAD61", "B", -320, 920, 0],
		[130, "PAD62", "T", -320, 1020, 0],
		[131, "PAD62", "B", -320, 1020, 0],
		[132, "PAD63", "T", -320, 1120, 0],
		[133, "PAD63", "B", -320, 1120, 0],
		[134, "PAD64", "T", -320, 1220, 0],
		[135, "PAD64", "B", -320, 1220, 0],
		[136, "PAD65", "T", -320, 1320, 0],
		[137, "PAD65", "B", -320, 1320, 0],
		[138, "PAD66", "T", -320, 1420, 0],
		[139, "PAD66", "B", -320, 1420, 0],
		[140, "PAD67", "T", -320, 1520, 0],
		[141, "PAD67", "B", -320, 1520, 0],
		[142, "PAD68", "T", 1195, 1655, 0],
		[143, "PAD68", "B", 1195, 1655, 0],
		[144, "PAD69", "T", 1095, 1655, 0],
		[145, "PAD69", "B", 1095, 1655, 0],
		[146, "PAD70", "T", 995, 1655, 0],
		[147, "PAD70", "B", 995, 1655, 0],
		[148, "PAD71", "T", 1741.596, -200, 0],
		[149, "PAD71", "B", 1741.596, -200, 0],
		[150, "PAD72", "T", 1641.596, -200, 0],
		[151, "PAD72", "B", 1641.596, -200, 0],
		[152, "PAD73", "T", 1741.596, -100, 0],
		[153, "PAD73", "B", 1741.596, -100, 0],
		[154, "PAD74", "T", 1641.596, -100, 0],
		[155, "PAD74", "B", 1641.596, -100, 0],
		[156, "PAD75", "T", 1741.596, 0, 0],
		[157, "PAD75", "B", 1741.596, 0, 0],
		[158, "PAD76", "T", 1641.596, 0, 0],
		[159, "PAD76", "B", 1641.596, 0, 0],
		[160, "PAD77", "T", 1741.596, 100, 0],
		[161, "PAD77", "B", 1741.596, 100, 0],
		[162, "PAD78", "T", 1641.596, 100, 0],
		[163, "PAD78", "B", 1641.596, 100, 0],
		[164, "PAD79", "T", 1741.596, 200, 0],
		[165, "PAD79", "B", 1741.596, 200, 0],
		[166, "PAD80", "T", 1641.596, 200, 0],
		[167, "PAD80", "B", 1641.596, 200, 0]
	]
},
"pins": {
	"fields": ["PIN_NO", "PIN_NAME", "PIN_X", "PIN_Y", "LAYER", "PIN_TYPE", "NET_NAME", "NET_TYPE", "PAD_SHAPE", "PAD_SIZEX", "PAD_SIZEY", "HOLE_SIZE", "HOLE_LEN", "PAD_ANGLE"],
	"rows": [
		[1, "BLUETOOTH1_1", 1745.3745, 1089.6265, "T", "DIP", "EN", "", "R", 70.866, 70.866, 47.244, 47.244, 270],
		[2, "BLUETOOTH1_1", 1745.3745, 1089.6265, "B", "DIP", "EN", "", "R", 70.866, 70.866, 47.244, 47.244, 270],
		[3, "BLUETOOTH1_2", 1745.3745, 989.6265, "T", "DIP", "5V", "", "C", 70.866, 70.866, 47.244, 47.244, 270],
		[4, "BLUETOOTH1_2", 1745.3745, 989.6265, "B", "DIP", "5V", "", "C", 70.866, 70.866, 47.244, 47.244, 270],
		[5, "BLUETOOTH1_3", 1745.3745, 889.6265, "T", "DIP", "GND", "GND", "C", 70.866, 70.866, 47.244, 47.244, 270],
		[6, "BLUETOOTH1_3", 1745.3745, 889.6265, "B", "DIP", "GND", "GND", "C", 70.866, 70.866, 47.244, 47.244, 270],
		[7, "BLUETOOTH1_4", 1745.3745, 789.6265, "T", "DIP", "49", "", "C", 70.866, 70.866, 47.244, 47.244, 270],
		[8, "BLUETOOTH1_4", 1745.3745, 789.6265, "B", "DIP", "49", "", "C", 70.866, 70.866, 47.244, 47.244, 270],
		[9, "BLUETOOTH1_5", 1745.3745, 689.6265, "T", "DIP", "31", "", "C", 70.866, 70.866, 47.244, 47.244, 270],
		[10, "BLUETOOTH1_5", 1745.3745, 689.6265, "B", "DIP", "31", "", "C", 70.866, 70.866, 47.244, 47.244, 270],
		[11, "BLUETOOTH1_6", 1745.3745, 589.6265, "T", "DIP", "$1N917", "", "C", 70.866, 70.866, 47.244, 47.244, 270],
		[12, "BLUETOOTH1_6", 1745.3745, 589.6265, "B", "DIP", "$1N917", "", "C", 70.866, 70.866, 47.244, 47.244, 270],
		[13, "BUZZ1_1", 910, -900, "T", "DIP", "5V", "", "R", 66.929, 66.929, 43.308, 43.308, 0],
		[14, "BUZZ1_1", 910, -900, "B", "DIP", "5V", "", "R", 66.929, 66.929, 43.308, 43.308, 0],
		[15, "BUZZ1_2", 1010, -900, "T", "DIP", "32", "", "C", 66.929, 66.929, 43.308, 43.308, 0],
		[16, "BUZZ1_2", 1010, -900, "B", "DIP", "32", "", "C", 66.929, 66.929, 43.308, 43.308, 0],
		[17, "BUZZ1_3", 1110, -900, "T", "DIP", "GND", "GND", "C", 66.929, 66.929, 43.308, 43.308, 0],
		[18, "BUZZ1_3", 1110, -900, "B", "DIP", "GND", "GND", "C", 66.929, 66.929, 43.308, 43.308, 0],
		[19, "DHT1_1", 1195, 1655, "T", "DIP", "5V", "", "R", 66.929, 66.929, 43.308, 43.308, 180],
		[20, "DHT1_1", 1195, 1655, "B", "DIP", "5V", "", "R", 66.929, 66.929, 43.308, 43.308, 180],
		[21, "DHT1_2", 1095, 1655, "T", "DIP", "77", "", "C", 66.929, 66.929, 43.308, 43.308, 180],
		[22, "DHT1_2", 1095, 1655, "B", "DIP", "77", "", "C", 66.929, 66.929, 43.308, 43.308, 180],
		[23, "DHT1_3", 995, 1655, "T", "DIP", "GND", "GND", "C", 66.929, 66.929, 43.308, 43.308, 180],
		[24, "DHT1_3", 995, 1655, "B", "DIP", "GND", "GND", "C", 66.929, 66.929, 43.308, 43.308, 180],
		[25, "H1_1", 1741.596, -900, "T", "DIP", "5V", "", "R", 66.929, 66.929, 43.308, 43.308, 90],
		[26, "H1_1", 1741.596, -900, "B", "DIP", "5V", "", "R", 66.929, 66.929, 43.308, 43.308, 90],
		[27, "H1_2", 1641.596, -900, "T", "DIP", "GND", "GND", "C", 66.929, 66.929, 43.308, 43.308, 90],
		[28, "H1_2", 1641.596, -900, "B", "DIP", "GND", "GND", "C", 66.929, 66.929, 43.308, 43.308, 90],
		[29, "H1_3", 1741.596, -800, "T", "DIP", "5V", "", "C", 66.929, 66.929, 43.308, 43.308, 90],
		[30, "H1_3", 1741.596, -800, "B", "DIP", "5V", "", "C", 66.929, 66.929, 43.308, 43.308, 90],
		[31, "H1_4", 1641.596, -800, "T", "DIP", "GND", "GND", "C", 66.929, 66.929, 43.308, 43.308, 90],
		[32, "H1_4", 1641.596, -800, "B", "DIP", "GND", "GND", "C", 66.929, 66.929, 43.308, 43.308, 90],
		[33, "H1_5", 1741.596, -700, "T", "DIP", "5V", "", "C", 66.929, 66.929, 43.308, 43.308, 90],
		[34, "H1_5", 1741.596, -700, "B", "DIP", "5V", "", "C", 66.929, 66.929, 43.308, 43.308, 90],
		[35, "H1_6", 1641.596, -700, "T", "DIP", "GND", "GND", "C", 66.929, 66.929, 43.308, 43.308, 90],
		[36, "H1_6", 1641.596, -700, "B", "DIP", "GND", "GND", "C", 66.929, 66.929, 43.308, 43.308, 90],
		[37, "H1_7", 1741.596, -600, "T", "DIP", "5V", "", "C", 66.929, 66.929, 43.308, 43.308, 90],
		[38, "H1_7", 1741.596, -600, "B", "DIP", "5V", "", "C", 66.929, 66.929, 43.308, 43.308, 90],
		[39, "H1_8", 1641.596, -600, "T", "DIP", "GND", "GND", "C", 66.929, 66.929, 43.308, 43.308, 90],
		[40, "H1_8", 1641.596, -600, "B", "DIP", "GND", "GND", "C", 66.929, 66.929, 43.308, 43.308, 90],
		[41, "H1_9", 1741.596, -500, "T", "DIP", "5V", "", "C", 66.929, 66.929, 43.308, 43.308, 90],
		[42, "H1_9", 1741.596, -500, "B", "DIP", "5V", "", "C", 66.929, 66.929, 43.308, 43.308, 90],
		[43, "H1_10", 1641.596, -500, "T", "DIP", "GND", "GND", "C", 66.929, 66.929, 43.308, 43.308, 90],
		[44, "H1_10", 1641.596, -500, "B", "DIP", "GND", "GND", "C", 66.929, 66.929, 43.308, 43.308, 90],
		[45, "H2_1", 1741.596, -200, "T", "DIP", "3V3", "", "R", 66.929, 66.929, 43.308, 43.308, 90],
		[46, "H2_1", 1741.596, -200, "B", "DIP", "3V3", "", "R", 66.929, 66.929, 43.308, 43.308, 90],
		[47, "H2_2", 1641.596, -200, "T", "DIP", "GND", "GND", "C", 66.929, 66.929, 43.308, 43.308, 90],
		[48, "H2_2", 1641.596, -200, "B", "DIP", "GND", "GND", "C", 66.929, 66.929, 43.308, 43.308, 90],
		[49, "H2_3", 1741.596, -100, "T", "DIP", "3V3", "", "C", 66.929, 66.929, 43.308, 43.308, 90],
		[50, "H2_3", 1741.596, -100, "B", "DIP", "3V3", "", "C", 66.929, 66.929, 43.308, 43.308, 90],
		[51, "H2_4", 1641.596, -100, "T", "DIP", "GND", "GND", "C", 66.929, 66.929, 43.308, 43.308, 90],
		[52, "H2_4", 1641.596, -100, "B", "DIP", "GND", "GND", "C", 66.929, 66.929, 43.308, 43.308, 90],
		[53, "H2_5", 1741.596, 0, "T", "DIP", "3V3", "", "C", 66.929, 66.929, 43.308, 43.308, 90],
		[54, "H2_5", 1741.596, 0, "B", "DIP", "3V3", "", "C", 66.929, 66.929, 43.308, 43.308, 90],
		[55, "H2_6", 1641.596, 0, "T", "DIP", "GND", "GND", "C", 66.929, 66.929, 43.308, 43.308, 90],
		[56, "H2_6", 1641.596, 0, "B", "DIP", "GND", "GND", "C", 66.929, 66.929, 43.308, 43.308, 90],
		[57, "H2_7", 1741.596, 100, "T", "DIP", "3V3", "", "C", 66.929, 66.929, 43.308, 43.308, 90],
		[58, "H2_7", 1741.596, 100, "B", "DIP", "3V3", "", "C", 66.929, 66.929, 43.308, 43.308, 90],
		[59, "H2_8", 1641.596, 100, "T", "DIP", "GND", "GND", "C", 66.929, 66.929, 43.308, 43.308, 90],
		[60, "H2_8", 1641.596, 100, "B", "DIP", "GND", "GND", "C", 66.929, 66.929, 43.308, 43.308, 90],
		[61, "H2_9", 1741.596, 200, "T", "DIP", "3V3", "", "C", 66.929, 66.929, 43.308, 43.308, 90],
		[62, "H2_9", 1741.596, 200, "B", "DIP", "3V3", "", "C", 66.929, 66.929, 43.308, 43.308, 90],
		[63, "H2_10", 1641.596, 200, "T", "DIP", "GND", "GND", "C", 66.929, 66.929, 43.308, 43.308, 90],
		[64, "H2_10", 1641.596, 200, "B", "DIP", "GND", "GND", "C", 66.929, 66.929, 43.308, 43.308, 90],
		[65, "U1_1", 578.3031, 1520, "T", "DIP", "63", "", "R", 66.929, 60, 43.308, 43.308, 270],
		[66, "U1_1", 578.3031, 1520, "B", "DIP", "63", "", "R", 66.929, 60, 43.308, 43.308, 270],
		[67, "U1_2", 578.3031, 1420, "T", "DIP", "86", "", "C", 66.929, 66.929, 43.308, 43.308, 270],
		[68, "U1_2", 578.3031, 1420, "B", "DIP", "86", "", "C", 66.929, 66.929, 43.308, 43.308, 270],
		[69, "U1_3", 578.3031, 1320, "T", "DIP", "85", "", "C", 66.929, 66.929, 43.308, 43.308, 270],
		[70, "U1_3", 578.3031, 1320, "B", "DIP", "85", "", "C", 66.929, 66.929, 43.308, 43.308, 270],
		[71, "U1_4", 578.3031, 1220, "T", "DIP", "84", "", "C", 66.929, 66.929, 43.308, 43.308, 270],
		[72, "U1_4", 578.3031, 1220, "B", "DIP", "84", "", "C", 66.929, 66.929, 43.308, 43.308, 270],
		[73, "U1_5", 578.3031, 1120, "T", "DIP", "83", "", "C", 66.929, 66.929, 43.308, 43.308, 270],
		[74, "U1_5", 578.3031, 1120, "B", "DIP", "83", "", "C", 66.929, 66.929, 43.308, 43.308, 270],
		[75, "U1_6", 578.3031, 1020, "T", "DIP", "82", "", "C", 66.929, 66.929, 43.308, 43.308, 270],
		[76, "U1_6", 578.3031, 1020, "B", "DIP", "82", "", "C", 66.929, 66.929, 43.308, 43.308, 270],
		[77, "U1_7", 578.3031, 920, "T", "DIP", "81", "", "C", 66.929, 66.929, 43.308, 43.308, 270],
		[78, "U1_7", 578.3031, 920, "B", "DIP", "81", "", "C", 66.929, 66.929, 43.308, 43.308, 270],
		[79, "U1_8", 578.3031, 820, "T", "DIP", "80", "", "C", 66.929, 66.929, 43.308, 43.308, 270],
		[80, "U1_8", 578.3031, 820, "B", "DIP", "80", "", "C", 66.929, 66.929, 43.308, 43.308, 270],
		[81, "U1_9", 578.3031, 720, "T", "DIP", "79", "", "C", 66.929, 66.929, 43.308, 43.308, 270],
		[82, "U1_9", 578.3031, 720, "B", "DIP", "79", "", "C", 66.929, 66.929, 43.308, 43.308, 270],
		[83, "U1_10", 578.3031, 620, "T", "DIP", "77", "", "C", 66.929, 66.929, 43.308, 43.308, 270],
		[84, "U1_10", 578.3031, 620, "B", "DIP", "77", "", "C", 66.929, 66.929, 43.308, 43.308, 270],
		[85, "U1_11", 578.3031, 520, "T", "DIP", "76", "", "C", 66.929, 66.929, 43.308, 43.308, 270],
		[86, "U1_11", 578.3031, 520, "B", "DIP", "76", "", "C", 66.929, 66.929, 43.308, 43.308, 270],
		[87, "U1_12", 578.3031, 420, "T", "DIP", "75", "", "C", 66.929, 66.929, 43.308, 43.308, 270],
		[88, "U1_12", 578.3031, 420, "B", "DIP", "75", "", "C", 66.929, 66.929, 43.308, 43.308, 270],
		[89, "U1_13", 578.3031, 320, "T", "DIP", "74", "", "C", 66.929, 66.929, 43.308, 43.308, 270],
		[90, "U1_13", 578.3031, 320, "B", "DIP", "74", "", "C", 66.929, 66.929, 43.308, 43.308, 270],
		[91, "U1_14", 578.3031, 220, "T", "DIP", "73", "", "C", 66.929, 66.929, 43.308, 43.308, 270],
		[92, "U1_14", 578.3031, 220, "B", "DIP", "73", "", "C", 66.929, 66.929, 43.308, 43.308, 270],
		[93, "U1_15", 578.3031, 120, "T", "DIP", "72", "", "C", 66.929, 66.929, 43.308, 43.308, 270],
		[94, "U1_15", 578.3031, 120, "B", "DIP", "72", "", "C", 66.929, 66.929, 43.308, 43.308, 270],
		[95, "U1_16", 578.3031, 20, "T", "DIP", "71", "", "C", 66.929, 66.929, 43.308, 43.308, 270],
		[96, "U1_16", 578.3031, 20, "B", "DIP", "71", "", "C", 66.929, 66.929, 43.308, 43.308, 270],
		[97, "U1_17", 578.3031, -80, "T", "DIP", "70", "", "C", 66.929, 66.929, 43.308, 43.308, 270],
		[98, "U1_17", 578.3031, -80, "B", "DIP", "70", "", "C", 66.929, 66.929, 43.308, 43.308, 270],
		[99, "U1_18", 578.3031, -180, "T", "DIP", "5V", "", "C", 66.929, 66.929, 43.308, 43.308, 270],
		[100, "U1_18", 578.3031, -180, "B", "DIP", "5V", "", "C", 66.929, 66.929, 43.308, 43.308, 270],
		[101, "U1_19", 578.3031, -280, "T", "DIP", "48", "", "C", 66.929, 66.929, 43.308, 43.308, 270],
		[102, "U1_19", 578.3031, -280, "B", "DIP", "48", "", "C", 66.929, 66.929, 43.308, 43.308, 270],
		[103, "U1_20", 578.3031, -380, "T", "DIP", "49", "", "C", 66.929, 66.929, 43.308, 43.308, 270],
		[104, "U1_20", 578.3031, -380, "B", "DIP", "49", "", "C", 66.929, 66.929, 43.308, 43.308, 270],
		[105, "U1_21", 578.3031, -480, "T", "DIP", "31", "", "C", 66.929, 66.929, 43.308, 43.308, 270],
		[106, "U1_21", 578.3031, -480, "B", "DIP", "31", "", "C", 66.929, 66.929, 43.308, 43.308, 270],
		[107, "U1_22", 578.3031, -580, "T", "DIP", "32", "", "C", 66.929, 66.929, 43.308, 43.308, 270],
		[108, "U1_22", 578.3031, -580, "B", "DIP", "32", "", "C", 66.929, 66.929, 43.308, 43.308, 270],
		[109, "U1_23", 578.3031, -680, "T", "DIP", "GND", "GND", "C", 66.929, 66.929, 43.308, 43.308, 270],
		[110, "U1_23", 578.3031, -680, "B", "DIP", "GND", "GND", "C", 66.929, 66.929, 43.308, 43.308, 270],
		[111, "U1_24", 578.3031, -780, "T", "DIP", "3V3", "", "C", 66.929, 66.929, 43.308, 43.308, 270],
		[112, "U1_24", 578.3031, -780, "B", "DIP", "3V3", "", "C", 66.929, 66.929, 43.308, 43.308, 270],
		[113, "U2_1", -320, 1520, "T", "DIP", "38", "", "R", 66.929, 60, 43.308, 43.308, 270],
		[114, "U2_1", -320, 1520, "B", "DIP", "38", "", "R", 66.929, 60, 43.308, 43.308, 270],
		[115, "U2_2", -320, 1420, "T", "DIP", "37", "", "C", 66.929, 66.929, 43.308, 43.308, 270],
		[116, "U2_2", -320, 1420, "B", "DIP", "37", "", "C", 66.929, 66.929, 43.308, 43.308, 270],
		[117, "U2_3", -320, 1320, "T", "DIP", "36", "", "C", 66.929, 66.929, 43.308, 43.308, 270],
		[118, "U2_3", -320, 1320, "B", "DIP", "36", "", "C", 66.929, 66.929, 43.308, 43.308, 270],
		[119, "U2_4", -320, 1220, "T", "DIP", "39", "", "C", 66.929, 66.929, 43.308, 43.308, 270],
		[120, "U2_4", -320, 1220, "B", "DIP", "39", "", "C", 66.929, 66.929, 43.308, 43.308, 270],
		[121, "U2_5", -320, 1120, "T", "DIP", "25", "", "C", 66.929, 66.929, 43.308, 43.308, 270],
		[122, "U2_5", -320, 1120, "B", "DIP", "25", "", "C", 66.929, 66.929, 43.308, 43.308, 270],
		[123, "U2_6", -320, 1020, "T", "DIP", "26", "", "C", 66.929, 66.929, 43.308, 43.308, 270],
		[124, "U2_6", -320, 1020, "B", "DIP", "26", "", "C", 66.929, 66.929, 43.308, 43.308, 270],
		[125, "U2_7", -320, 920, "T", "DIP", "27", "", "C", 66.929, 66.929, 43.308, 43.308, 270],
		[126, "U2_7", -320, 920, "B", "DIP", "27", "", "C", 66.929, 66.929, 43.308, 43.308, 270],
		[127, "U2_8", -320, 820, "T", "DIP", "28", "", "C", 66.929, 66.929, 43.308, 43.308, 270],
		[128, "U2_8", -320, 820, "B", "DIP", "28", "", "C", 66.929, 66.929, 43.308, 43.308, 270],
		[129, "U2_9", -320, 720, "T", "DIP", "29", "", "C", 66.929, 66.929, 43.308, 43.308, 270],
		[130, "U2_9", -320, 720, "B", "DIP", "29", "", "C", 66.929, 66.929, 43.308, 43.308, 270],
		[131, "U2_10", -320, 620, "T", "DIP", "30", "", "C", 66.929, 66.929, 43.308, 43.308, 270],
		[132, "U2_10", -320, 620, "B", "DIP", "30", "", "C", 66.929, 66.929, 43.308, 43.308, 270],
		[133, "U2_11", -320, 520, "T", "DIP", "33", "", "C", 66.929, 66.929, 43.308, 43.308, 270],
		[134, "U2_11", -320, 520, "B", "DIP", "33", "", "C", 66.929, 66.929, 43.308, 43.308, 270],
		[135, "U2_12", -320, 420, "T", "DIP", "34", "", "C", 66.929, 66.929, 43.308, 43.308, 270],
		[136, "U2_12", -320, 420, "B", "DIP", "34", "", "C", 66.929, 66.929, 43.308, 43.308, 270],
		[137, "U2_13", -320, 320, "T", "DIP", "40", "", "C", 66.929, 66.929, 43.308, 43.308, 270],
		[138, "U2_13", -320, 320, "B", "DIP", "40", "", "C", 66.929, 66.929, 43.308, 43.308, 270],
		[139, "U2_14", -320, 220, "T", "DIP", "35", "", "C", 66.929, 66.929, 43.308, 43.308, 270],
		[140, "U2_14", -320, 220, "B", "DIP", "35", "", "C", 66.929, 66.929, 43.308, 43.308, 270],
		[141, "U2_15", -320, 120, "T", "DIP", "41", "", "C", 66.929, 66.929, 43.308, 43.308, 270],
		[142, "U2_15", -320, 120, "B", "DIP", "41", "", "C", 66.929, 66.929, 43.308, 43.308, 270],
		[143, "U2_16", -320, 20, "T", "DIP", "42", "", "C", 66.929, 66.929, 43.308, 43.308, 270],
		[144, "U2_16", -320, 20, "B", "DIP", "42", "", "C", 66.929, 66.929, 43.308, 43.308, 270],
		[145, "U2_17", -320, -80, "T", "DIP", "51", "", "C", 66.929, 66.929, 43.308, 43.308, 270],
		[146, "U2_17", -320, -80, "B", "DIP", "51", "", "C", 66.929, 66.929, 43.308, 43.308, 270],
		[147, "U2_18", -320, -180, "T", "DIP", "53", "", "C", 66.929, 66.929, 43.308, 43.308, 270],
		[148, "U2_18", -320, -180, "B", "DIP", "53", "", "C", 66.929, 66.929, 43.308, 43.308, 270],
		[149, "U2_19", -320, -280, "T", "DIP", "54", "", "C", 66.929, 66.929, 43.308, 43.308, 270],
		[150, "U2_19", -320, -280, "B", "DIP", "54", "", "C", 66.929, 66.929, 43.308, 43.308, 270],
		[151, "U2_20", -320, -380, "T", "DIP", "55", "", "C", 66.929, 66.929, 43.308, 43.308, 270],
		[152, "U2_20", -320, -380, "B", "DIP", "55", "", "C", 66.929, 66.929, 43.308, 43.308, 270],
		[153, "U2_21", -320, -480, "T", "DIP", "56", "", "C", 66.929, 66.929, 43.308, 43.308, 270],
		[154, "U2_21", -320, -480, "B", "DIP", "56", "", "C", 66.929, 66.929, 43.308, 43.308, 270],
		[155, "U2_22", -320, -580, "T", "DIP", "57", "", "C", 66.929, 66.929, 43.308, 43.308, 270],
		[156, "U2_22", -320, -580, "B", "DIP", "57", "", "C", 66.929, 66.929, 43.308, 43.308, 270],
		[157, "U2_23", -320, -680, "T", "DIP", "68", "", "C", 66.929, 66.929, 43.308, 43.308, 270],
		[158, "U2_23", -320, -680, "B", "DIP", "68", "", "C", 66.929, 66.929, 43.308, 43.308, 270],
		[159, "U2_24", -320, -780, "T", "DIP", "69", "", "C", 66.929, 66.929, 43.308, 43.308, 270],
		[160, "U2_24", -320, -780, "B", "DIP", "69", "", "C", 66.929, 66.929, 43.308, 43.308, 270],
		[161, "PAD1_24", 578.3031, -780, "T", "DIP", "3V3", "", "C", 66.929, 66.929, 43.308, 43.308, 270],
		[162, "PAD1_24", 578.3031, -780, "B", "DIP", "3V3", "", "C", 66.929, 66.929, 43.308, 43.308, 270],
		[163, "PAD2_23", 578.3031, -680, "T", "DIP", "GND", "GND", "C", 66.929, 66.929, 43.308, 43.308, 270],
		[164, "PAD2_23", 578.3031, -680, "B", "DIP", "GND", "GND", "C", 66.929, 66.929, 43.308, 43.308, 270],
		[165, "PAD3_22", 578.3031, -580, "T", "DIP", "32", "", "C", 66.929, 66.929, 43.308, 43.308, 270],
		[166, "PAD3_22", 578.3031, -580, "B", "DIP", "32", "", "C", 66.929, 66.929, 43.308, 43.308, 270],
		[167, "PAD4_21", 578.3031, -480, "T", "DIP", "31", "", "C", 66.929, 66.929, 43.308, 43.308, 270],
		[168, "PAD4_21", 578.3031, -480, "B", "DIP", "31", "", "C", 66.929, 66.929, 43.308, 43.308, 270],
		[169, "PAD5_20", 578.3031, -380, "T", "DIP", "49", "", "C", 66.929, 66.929, 43.308, 43.308, 270],
		[170, "PAD5_20", 578.3031, -380, "B", "DIP", "49", "", "C", 66.929, 66.929, 43.308, 43.308, 270],
		[171, "PAD6_19", 578.3031, -280, "T", "DIP", "48", "", "C", 66.929, 66.929, 43.308, 43.308, 270],
		[172, "PAD6_19", 578.3031, -280, "B", "DIP", "48", "", "C", 66.929, 66.929, 43.308, 43.308, 270],
		[173, "PAD7_18", 578.3031, -180, "T", "DIP", "5V", "", "C", 66.929, 66.929, 43.308, 43.308, 270],
		[174, "PAD7_18", 578.3031, -180, "B", "DIP", "5V", "", "C", 66.929, 66.929, 43.308, 43.308, 270],
		[175, "PAD8_17", 578.3031, -80, "T", "DIP", "70", "", "C", 66.929, 66.929, 43.308, 43.308, 270],
		[176, "PAD8_17", 578.3031, -80, "B", "DIP", "70", "", "C", 66.929, 66.929, 43.308, 43.308, 270],
		[177, "PAD9_16", 578.3031, 20, "T", "DIP", "71", "", "C", 66.929, 66.929, 43.308, 43.308, 270],
		[178, "PAD9_16", 578.3031, 20, "B", "DIP", "71", "", "C", 66.929, 66.929, 43.308, 43.308, 270],
		[179, "PAD10_15", 578.3031, 120, "T", "DIP", "72", "", "C", 66.929, 66.929, 43.308, 43.308, 270],
		[180, "PAD10_15", 578.3031, 120, "B", "DIP", "72", "", "C", 66.929, 66.929, 43.308, 43.308, 270],
		[181, "PAD11_14", 578.3031, 220, "T", "DIP", "73", "", "C", 66.929, 66.929, 43.308, 43.308, 270],
		[182, "PAD11_14", 578.3031, 220, "B", "DIP", "73", "", "C", 66.929, 66.929, 43.308, 43.308, 270],
		[183, "PAD12_13", 578.3031, 320, "T", "DIP", "74", "", "C", 66.929, 66.929, 43.308, 43.308, 270],
		[184, "PAD12_13", 578.3031, 320, "B", "DIP", "74", "", "C", 66.929, 66.929, 43.308, 43.308, 270],
		[185, "PAD13_12", 578.3031, 420, "T", "DIP", "75", "", "C", 66.929, 66.929, 43.308, 43.308, 270],
		[186, "PAD13_12", 578.3031, 420, "B", "DIP", "75", "", "C", 66.929, 66.929, 43.308, 43.308, 270],
		[187, "PAD14_11", 578.3031, 520, "T", "DIP", "76", "", "C", 66.929, 66.929, 43.308, 43.308, 270],
		[188, "PAD14_11", 578.3031, 520, "B", "DIP", "76", "", "C", 66.929, 66.929, 43.308, 43.308, 270],
		[189, "PAD15_10", 578.3031, 620, "T", "DIP", "77", "", "C", 66.929, 66.929, 43.308, 43.308, 270],
		[190, "PAD15_10", 578.3031, 620, "B", "DIP", "77", "", "C", 66.929, 66.929, 43.308, 43.308, 270],
		[191, "PAD16_9", 578.3031, 720, "T", "DIP", "79", "", "C", 66.929, 66.929, 43.308, 43.308, 270],
		[192, "PAD16_9", 578.3031, 720, "B", "DIP", "79", "", "C", 66.929, 66.929, 43.308, 43.308, 270],
		[193, "PAD17_8", 578.3031, 820, "T", "DIP", "80", "", "C", 66.929, 66.929, 43.308, 43.308, 270],
		[194, "PAD17_8", 578.3031, 820, "B", "DIP", "80", "", "C", 66.929, 66.929, 43.308, 43.308, 270],
		[195, "PAD18_7", 578.3031, 920, "T", "DIP", "81", "", "C", 66.929, 66.929, 43.308, 43.308, 270],
		[196, "PAD18_7", 578.3031, 920, "B", "DIP", "81", "", "C", 66.929, 66.929, 43.308, 43.308, 270],
		[197, "PAD19_6", 578.3031, 1020, "T", "DIP", "82", "", "C", 66.929, 66.929, 43.308, 43.308, 270],
		[198, "PAD19_6", 578.3031, 1020, "B", "DIP", "82", "", "C", 66.929, 66.929, 43.308, 43.308, 270],
		[199, "PAD20_5", 578.3031, 1120, "T", "DIP", "83", "", "C", 66.929, 66.929, 43.308, 43.308, 270],
		[200, "PAD20_5", 578.3031, 1120, "B", "DIP", "83", "", "C", 66.929, 66.929, 43.308, 43.308, 270],
		[201, "PAD21_4", 578.3031, 1220, "T", "DIP", "84", "", "C", 66.929, 66.929, 43.308, 43.308, 270],
		[202, "PAD21_4", 578.3031, 1220, "B", "DIP", "84", "", "C", 66.929, 66.929, 43.308, 43.308, 270],
		[203, "PAD22_3", 578.3031, 1320, "T", "DIP", "85", "", "C", 66.929, 66.929, 43.308, 43.308, 270],
		[204, "PAD22_3", 578.3031, 1320, "B", "DIP", "85", "", "C", 66.929, 66.929, 43.308, 43.308, 270],
		[205, "PAD23_2", 578.3031, 1420, "T", "DIP", "86", "", "C", 66.929, 66.929, 43.308, 43.308, 270],
		[206, "PAD23_2", 578.3031, 1420, "B", "DIP", "86", "", "C", 66.929, 66.929, 43.308, 43.308, 270],
		[207, "PAD24_1", 578.3031, 1520, "T", "DIP", "63", "", "R", 66.929, 60, 43.308, 43.308, 270],
		[208, "PAD24_1", 578.3031, 1520, "B", "DIP", "63", "", "R", 66.929, 60, 43.308, 43.308, 270],
		[209, "PAD25_6", 1745.3745, 589.6265, "T", "DIP", "$1N917", "", "C", 70.866, 70.866, 47.244, 47.244, 270],
		[210, "PAD25_6", 1745.3745, 589.6265, "B", "DIP", "$1N917", "", "C", 70.866, 70.866, 47.244, 47.244, 270],
		[211, "PAD26_5", 1745.3745, 689.6265, "T", "DIP", "31", "", "C", 70.866, 70.866, 47.244, 47.244, 270],
		[212, "PAD26_5", 1745.3745, 689.6265, "B", "DIP", "31", "", "C", 70.866, 70.866, 47.244, 47.244, 270],
		[213, "PAD27_4", 1745.3745, 789.6265, "T", "DIP", "49", "", "C", 70.866, 70.866, 47.244, 47.244, 270],
		[214, "PAD27_4", 1745.3745, 789.6265, "B", "DIP", "49", "", "C", 70.866, 70.866, 47.244, 47.244, 270],
		[215, "PAD28_3", 1745.3745, 889.6265, "T", "DIP", "GND", "GND", "C", 70.866, 70.866, 47.244, 47.244, 270],
		[216, "PAD28_3", 1745.3745, 889.6265, "B", "DIP", "GND", "GND", "C", 70.866, 70.866, 47.244, 47.244, 270],
		[217, "PAD29_2", 1745.3745, 989.6265, "T", "DIP", "5V", "", "C", 70.866, 70.866, 47.244, 47.244, 270],
		[218, "PAD29_2", 1745.3745, 989.6265, "B", "DIP", "5V", "", "C", 70.866, 70.866, 47.244, 47.244, 270],
		[219, "PAD30_1", 1745.3745, 1089.6265, "T", "DIP", "EN", "", "R", 70.866, 70.866, 47.244, 47.244, 270],
		[220, "PAD30_1", 1745.3745, 1089.6265, "B", "DIP", "EN", "", "R", 70.866, 70.866, 47.244, 47.244, 270],
		[221, "PAD31_1", 910, -900, "T", "DIP", "5V", "", "R", 66.929, 66.929, 43.308, 43.308, 0],
		[222, "PAD31_1", 910, -900, "B", "DIP", "5V", "", "R", 66.929, 66.929, 43.308, 43.308, 0],
		[223, "PAD32_2", 1010, -900, "T", "DIP", "32", "", "C", 66.929, 66.929, 43.308, 43.308, 0],
		[224, "PAD32_2", 1010, -900, "B", "DIP", "32", "", "C", 66.929, 66.929, 43.308, 43.308, 0],
		[225, "PAD33_3", 1110, -900, "T", "DIP", "GND", "GND", "C", 66.929, 66.929, 43.308, 43.308, 0],
		[226, "PAD33_3", 1110, -900, "B", "DIP", "GND", "GND", "C", 66.929, 66.929, 43.308, 43.308, 0],
		[227, "PAD34_1", 1741.596, -900, "T", "DIP", "5V", "", "R", 66.929, 66.929, 43.308, 43.308, 90],
		[228, "PAD34_1", 1741.596, -900, "B", "DIP", "5V", "", "R", 66.929, 66.929, 43.308, 43.308, 90],
		[229, "PAD35_2", 1641.596, -900, "T", "DIP", "GND", "GND", "C", 66.929, 66.929, 43.308, 43.308, 90],
		[230, "PAD35_2", 1641.596, -900, "B", "DIP", "GND", "GND", "C", 66.929, 66.929, 43.308, 43.308, 90],
		[231, "PAD36_3", 1741.596, -800, "T", "DIP", "5V", "", "C", 66.929, 66.929, 43.308, 43.308, 90],
		[232, "PAD36_3", 1741.596, -800, "B", "DIP", "5V", "", "C", 66.929, 66.929, 43.308, 43.308, 90],
		[233, "PAD37_4", 1641.596, -800, "T", "DIP", "GND", "GND", "C", 66.929, 66.929, 43.308, 43.308, 90],
		[234, "PAD37_4", 1641.596, -800, "B", "DIP", "GND", "GND", "C", 66.929, 66.929, 43.308, 43.308, 90],
		[235, "PAD38_5", 1741.596, -700, "T", "DIP", "5V", "", "C", 66.929, 66.929, 43.308, 43.308, 90],
		[236, "PAD38_5", 1741.596, -700, "B", "DIP", "5V", "", "C", 66.929, 66.929, 43.308, 43.308, 90],
		[237, "PAD39_6", 1641.596, -700, "T", "DIP", "GND", "GND", "C", 66.929, 66.929, 43.308, 43.308, 90],
		[238, "PAD39_6", 1641.596, -700, "B", "DIP", "GND", "GND", "C", 66.929, 66.929, 43.308, 43.308, 90],
		[239, "PAD40_7", 1741.596, -600, "T", "DIP", "5V", "", "C", 66.929, 66.929, 43.308, 43.308, 90],
		[240, "PAD40_7", 1741.596, -600, "B", "DIP", "5V", "", "C", 66.929, 66.929, 43.308, 43.308, 90],
		[241, "PAD41_8", 1641.596, -600, "T", "DIP", "GND", "GND", "C", 66.929, 66.929, 43.308, 43.308, 90],
		[242, "PAD41_8", 1641.596, -600, "B", "DIP", "GND", "GND", "C", 66.929, 66.929, 43.308, 43.308, 90],
		[243, "PAD42_9", 1741.596, -500, "T", "DIP", "5V", "", "C", 66.929, 66.929, 43.308, 43.308, 90],
		[244, "PAD42_9", 1741.596, -500, "B", "DIP", "5V", "", "C", 66.929, 66.929, 43.308, 43.308, 90],
		[245, "PAD43_10", 1641.596, -500, "T", "DIP", "GND", "GND", "C", 66.929, 66.929, 43.308, 43.308, 90],
		[246, "PAD43_10", 1641.596, -500, "B", "DIP", "GND", "GND", "C", 66.929, 66.929, 43.308, 43.308, 90],
		[247, "PAD44_24", -320, -780, "T", "DIP", "69", "", "C", 66.929, 66.929, 43.308, 43.308, 270],
		[248, "PAD44_24", -320, -780, "B", "DIP", "69", "", "C", 66.929, 66.929, 43.308, 43.308, 270],
		[249, "PAD45_23", -320, -680, "T", "DIP", "68", "", "C", 66.929, 66.929, 43.308, 43.308, 270],
		[250, "PAD45_23", -320, -680, "B", "DIP", "68", "", "C", 66.929, 66.929, 43.308, 43.308, 270],
		[251, "PAD46_22", -320, -580, "T", "DIP", "57", "", "C", 66.929, 66.929, 43.308, 43.308, 270],
		[252, "PAD46_22", -320, -580, "B", "DIP", "57", "", "C", 66.929, 66.929, 43.308, 43.308, 270],
		[253, "PAD47_21", -320, -480, "T", "DIP", "56", "", "C", 66.929, 66.929, 43.308, 43.308, 270],
		[254, "PAD47_21", -320, -480, "B", "DIP", "56", "", "C", 66.929, 66.929, 43.308, 43.308, 270],
		[255, "PAD48_20", -320, -380, "T", "DIP", "55", "", "C", 66.929, 66.929, 43.308, 43.308, 270],
		[256, "PAD48_20", -320, -380, "B", "DIP", "55", "", "C", 66.929, 66.929, 43.308, 43.308, 270],
		[257, "PAD49_19", -320, -280, "T", "DIP", "54", "", "C", 66.929, 66.929, 43.308, 43.308, 270],
		[258, "PAD49_19", -320, -280, "B", "DIP", "54", "", "C", 66.929, 66.929, 43.308, 43.308, 270],
		[259, "PAD50_18", -320, -180, "T", "DIP", "53", "", "C", 66.929, 66.929, 43.308, 43.308, 270],
		[260, "PAD50_18", -320, -180, "B", "DIP", "53", "", "C", 66.929, 66.929, 43.308, 43.308, 270],
		[261, "PAD51_17", -320, -80, "T", "DIP", "51", "", "C", 66.929, 66.929, 43.308, 43.308, 270],
		[262, "PAD51_17", -320, -80, "B", "DIP", "51", "", "C", 66.929, 66.929, 43.308, 43.308, 270],
		[263, "PAD52_16", -320, 20, "T", "DIP", "42", "", "C", 66.929, 66.929, 43.308, 43.308, 270],
		[264, "PAD52_16", -320, 20, "B", "DIP", "42", "", "C", 66.929, 66.929, 43.308, 43.308, 270],
		[265, "PAD53_15", -320, 120, "T", "DIP", "41", "", "C", 66.929, 66.929, 43.308, 43.308, 270],
		[266, "PAD53_15", -320, 120, "B", "DIP", "41", "", "C", 66.929, 66.929, 43.308, 43.308, 270],
		[267, "PAD54_14", -320, 220, "T", "DIP", "35", "", "C", 66.929, 66.929, 43.308, 43.308, 270],
		[268, "PAD54_14", -320, 220, "B", "DIP", "35", "", "C", 66.929, 66.929, 43.308, 43.308, 270],
		[269, "PAD55_13", -320, 320, "T", "DIP", "40", "", "C", 66.929, 66.929, 43.308, 43.308, 270],
		[270, "PAD55_13", -320, 320, "B", "DIP", "40", "", "C", 66.929, 66.929, 43.308, 43.308, 270],
		[271, "PAD56_12", -320, 420, "T", "DIP", "34", "", "C", 66.929, 66.929, 43.308, 43.308, 270],
		[272, "PAD56_12", -320, 420, "B", "DIP", "34", "", "C", 66.929, 66.929, 43.308, 43.308, 270],
		[273, "PAD57_11", -320, 520, "T", "DIP", "33", "", "C", 66.929, 66.929, 43.308, 43.308, 270],
		[274, "PAD57_11", -320, 520, "B", "DIP", "33", "", "C", 66.929, 66.929, 43.308, 43.308, 270],
		[275, "PAD58_10", -320, 620, "T", "DIP", "30", "", "C", 66.929, 66.929, 43.308, 43.308, 270],
		[276, "PAD58_10", -320, 620, "B", "DIP", "30", "", "C", 66.929, 66.929, 43.308, 43.308, 270],
		[277, "PAD59_9", -320, 720, "T", "DIP", "29", "", "C", 66.929, 66.929, 43.308, 43.308, 270],
		[278, "PAD59_9", -320, 720, "B", "DIP", "29", "", "C", 66.929, 66.929, 43.308, 43.308, 270],
		[279, "PAD60_8", -320, 820, "T", "DIP", "28", "", "C", 66.929, 66.929, 43.308, 43.308, 270],
		[280, "PAD60_8", -320, 820, "B", "DIP", "28", "", "C", 66.929, 66.929, 43.308, 43.308, 270],
		[281, "PAD61_7", -320, 920, "T", "DIP", "27", "", "C", 66.929, 66.929, 43.308, 43.308, 270],
		[282, "PAD61_7", -320, 920, "B", "DIP", "27", "", "C", 66.929, 66.929, 43.308, 43.308, 270],
		[283, "PAD62_6", -320, 1020, "T", "DIP", "26", "", "C", 66.929, 66.929, 43.308, 43.308, 270],
		[284, "PAD62_6", -320, 1020, "B", "DIP", "26", "", "C", 66.929, 66.929, 43.308, 43.308, 270],
		[285, "PAD63_5", -320, 1120, "T", "DIP", "25", "", "C", 66.929, 66.929, 43.308, 43.308, 270],
		[286, "PAD63_5", -320, 1120, "B", "DIP", "25", "", "C", 66.929, 66.929, 43.308, 43.308, 270],
		[287, "PAD64_4", -320, 1220, "T", "DIP", "39", "", "C", 66.929, 66.929, 43.308, 43.308, 270],
		[288, "PAD64_4", -320, 1220, "B", "DIP", "39", "", "C", 66.929, 66.929, 43.308, 43.308, 270],
		[289, "PAD65_3", -320, 1320, "T", "DIP", "36", "", "C", 66.929, 66.929, 43.308, 43.308, 270],
		[290, "PAD65_3", -320, 1320, "B", "DIP", "36", "", "C", 66.929, 66.929, 43.308, 43.308, 270],
		[291, "PAD66_2", -320, 1420, "T", "DIP", "37", "", "C", 66.929, 66.929, 43.308, 43.308, 270],
		[292, "PAD66_2", -320, 1420, "B", "DIP", "37", "", "C", 66.929, 66.929, 43.308, 43.308, 270],
		[293, "PAD67_1", -320, 1520, "T", "DIP", "38", "", "R", 66.929, 60, 43.308, 43.308, 270],
		[294, "PAD67_1", -320, 1520, "B", "DIP", "38", "", "R", 66.929, 60, 43.308, 43.308, 270],
		[295, "PAD68_1", 1195, 1655, "T", "DIP", "5V", "", "R", 66.929, 66.929, 43.308, 43.308, 180],
		[296, "PAD68_1", 1195, 1655, "B", "DIP", "5V", "", "R", 66.929, 66.929, 43.308, 43.308, 180],
		[297, "PAD69_2", 1095, 1655, "T", "DIP", "77", "", "C", 66.929, 66.929, 43.308, 43.308, 180],
		[298, "PAD69_2", 1095, 1655, "B", "DIP", "77", "", "C", 66.929, 66.929, 43.308, 43.308, 180],
		[299, "PAD70_3", 995, 1655, "T", "DIP", "GND", "GND", "C", 66.929, 66.929, 43.308, 43.308, 180],
		[300, "PAD70_3", 995, 1655, "B", "DIP", "GND", "GND", "C", 66.929, 66.929, 43.308, 43.308, 180],
		[301, "PAD71_1", 1741.596, -200, "T", "DIP", "3V3", "", "R", 66.929, 66.929, 43.308, 43.308, 90],
		[302, "PAD71_1", 1741.596, -200, "B", "DIP", "3V3", "", "R", 66.929, 66.929, 43.308, 43.308, 90],
		[303, "PAD72_2", 1641.596, -200, "T", "DIP", "GND", "GND", "C", 66.929, 66.929, 43.308, 43.308, 90],
		[304, "PAD72_2", 1641.596, -200, "B", "DIP", "GND", "GND", "C", 66.929, 66.929, 43.308, 43.308, 90],
		[305, "PAD73_3", 1741.596, -100, "T", "DIP", "3V3", "", "C", 66.929, 66.929, 43.308, 43.308, 90],
		[306, "PAD73_3", 1741.596, -100, "B", "DIP", "3V3", "", "C", 66.929, 66.929, 43.308, 43.308, 90],
		[307, "PAD74_4", 1641.596, -100, "T", "DIP", "GND", "GND", "C", 66.929, 66.929, 43.308, 43.308, 90],
		[308, "PAD74_4", 1641.596, -100, "B", "DIP", "GND", "GND", "C", 66.929, 66.929, 43.308, 43.308, 90],
		[309, "PAD75_5", 1741.596, 0, "T", "DIP", "3V3", "", "C", 66.929, 66.929, 43.308, 43.308, 90],
		[310, "PAD75_5", 1741.596, 0, "B", "DIP", "3V3", "", "C", 66.929, 66.929, 43.308, 43.308, 90],
		[311, "PAD76_6", 1641.596, 0, "T", "DIP", "GND", "GND", "C", 66.929, 66.929, 43.308, 43.308, 90],
		[312, "PAD76_6", 1641.596, 0, "B", "DIP", "GND", "GND", "C", 66.929, 66.929, 43.308, 43.308, 90],
		[313, "PAD77_7", 1741.596, 100, "T", "DIP", "3V3", "", "C", 66.929, 66.929, 43.308, 43.308, 90],
		[314, "PAD77_7", 1741.596, 100, "B", "DIP", "3V3", "", "C", 66.929, 66.929, 43.308, 43.308, 90],
		[315, "PAD78_8", 1641.596, 100, "T", "DIP", "GND", "GND", "C", 66.929, 66.929, 43.308, 43.308, 90],
		[316, "PAD78_8", 1641.596, 100, "B", "DIP", "GND", "GND", "C", 66.929, 66.929, 43.308, 43.308, 90],
		[317, "PAD79_9", 1741.596, 200, "T", "DIP", "3V3", "", "C", 66.929, 66.929, 43.308, 43.308, 90],
		[318, "PAD79_9", 1741.596, 200, "B", "DIP", "3V3", "", "C", 66.929, 66.929, 43.308, 43.308, 90],
		[319, "PAD80_10", 1641.596, 200, "T", "DIP", "GND", "GND", "C", 66.929, 66.929, 43.308, 43.308, 90],
		[320, "PAD80_10", 1641.596, 200, "B", "DIP", "GND", "GND", "C", 66.929, 66.929, 43.308, 43.308, 90]
	]
}
}